Horario,Escenario A (Teatro),,,,,,
15:00 ‚Äì 15:30,‚Äî,,CANTIDAD DE PERSONAS ,,COMPA√ëIA,RESE√ëA,
15:30 ‚Äì 16:00,GASPAR SEMILLA,,,,,,
16:00 ‚Äì 16:30,Obra de teatro familiar: Gaspar Semilla,"$800,000",5,,NO SALE EN SU FICHA ,"Gaspar Semilla es una obra de teatro familiar que se crea a raiz de una problematica urgente: Los habitos alimenticios en la infancia. Gaspar es un nino que no se alimenta de la comida que su mama le cocina, por lo que al dormir es parte de una pesadilla, donde no existe la comida saludable y el es el unico encargado de recolectar diferentes semillas de colores para sobrevivir. En el transcurso conocera y se encontrara con amigos muy particulares que convertiran esta pesadilla en un aprendizaje para toda la vida.",30 MINUTOS 
16:30 ‚Äì 17:00,‚Äî,,,,,,
17:00 ‚Äì 17:30,Obra 1// ZUMBIDO DE ALARMA (45M),"$950,000",7,,TEATRO DE CABEZA,"Cuatro hermanas abejas han viajado miles de kil√≥metros para encontrar una nueva y mejor vida, pensando que la han encontrado, tierra de abundantes flores, comienzan a echar ra√≠ces hasta que el peligro que antes las acechaba, regresa. Se preguntan si tendr√°n energ√≠a para emigrar o tendr√°n las herramientas para defender su nuevo hogar del peligro que genera para ellas la utilizaci√≥n desmedida de la tecnolog√≠a.",45 MINUTOS
17:30 ‚Äì 18:00,Obra de Teatro Zumbido de Alarma,,,,,,
18:00 ‚Äì 18:30,‚Äî,,,,,,
18:30 ‚Äì 19:00,Obra 2// DESCARRILADOS (105 M),"$1,200,000",7,,COMPA√ë√çA TEATRO DEL VIENTO,"Descarrilados narra, desde una perspectiva surrealista, el descarrilamiento del tren Elquino ocurrido en 1971 en Gualliguaica, comuna de Vicu√±a, Regi√≥n de Coquimbo. El tren transportaba a 350 pasajeros provenientes de campamentos sociales organizados por el gobierno de la Unidad Popular. En la obra, los pasajeros reviven su viaje una y otra vez en un intento por desentra√±ar las causas de lo sucedido y descubrir la verdad.",
19:00 ‚Äì 19:30,Descarrilados,,,,,,
19:30 ‚Äì 20:00,‚Äî,,,,,,
20:00 ‚Äì 20:30,Obra 3// LUCILA DEL VALLE (,"$1,200,000",7,,PATIPERRA TEATRO,"Esta obra familiar nos invita a recorrer la infancia y adolescencia de Lucila Godoy Alcayaga antes de convertirse en Gabriela Mistral. A trav√©s de episodios claves de su vida en el Valle de Elqui, conoceremos a la ni√±a so√±adora, sensible y apasionada por las letras, marcada por el amor incondicional de su madre y el apoyo fundamental de su hermana. Con una puesta en escena emotiva y cercana, la obra busca humanizar a la poetisa, mostrando los desaf√≠os y alegr√≠as que moldearon su esp√≠ritu y la impulsaron a convertirse en una de las voces m√°s importantes de la literatura latinoamericana.",
20:30 ‚Äì 21:00,Lucila del Valle,,,,,,
21:00 ‚Äì 21:30,‚Äî,,,,,,
21:30 ‚Äì 22:00,,,,,,,
22:00 ‚Äì 23:00,‚Äî,,,,,,
,,,,,,,
,,,,,,,
,,,,,,,
,,,,,,,
,,,,,,,
,,,,,,,
üïí Horario,Escenario A (Teatro),,,,,,
15:00 ‚Äì 15:30,‚Äî,,,,,,
15:30 ‚Äì 16:00,OBRA 4// MESTIZA NAVEGANTE,"$526,316",8,,LA FEROZ COMPA√ë√çA ,"Re-cuerdo, una historia sobre la vejez‚Äù es una obra que mezcla el teatro y el circo para invitar al p√∫blico a sumergirse en las complejas y a menudo emotivas experiencias que rodean la memoria, la vejez y las historias personales. A trav√©s de una narrativa po√©tica y visualmente impactante, la obra aborda temas universales como el olvido, la nostalgia, y la importancia de mantener vivos los recuerdos de quienes somos y quienes fuimos.",60 MINNUTOS
16:00 ‚Äì 16:30,"""Mestiza Navegante"" en Festival ARC, a 80 a√±os del Premio Nobel de Literatura de Gabriela Mistral",,,,,,
16:30 ‚Äì 17:00,‚Äî,,,,,,
17:00 ‚Äì 17:30,NOTA 7 TEATRO MUSICAL,"$1,000,000",3,,COMPA√ë√çA DE TEATRO ITINERANTE ASCETAS,"La puesta en escena est√° basada en el libro del mismo nombre escrito en Espa√±a en 1554 por un autor an√≥nimo. En el escenario se presenta la vida de Lazaro de Tormes con sus tres primeros amos: El Ciego, el Cl√©rigo de Makeda y por ultimo el Escudero. La actuaci√≥n se complementa con la participaci√≥n de un narrador que los situa en el contexto hist√≥rico y literario en qu√© transcurre la historia. En un formato minimalista la puesta busca estimular la imaginaci√≥n, el gusto por la lectura entre los estudiantes y la difusi√≥n de los derechos de ni√±os, ni√±as y adolescentes.",45 MINUTOS
17:30 ‚Äì 18:00,"""Nota 7"" Teatro- musical",,,,,,
18:00 ‚Äì 18:30,‚Äî,,,,,,
18:30 ‚Äì 19:00,LAZARILLO DE TORMES,"$1,000,000",5,,COMPA√ë√çA TEATRO EL ENCANTO ,"La obra cuenta la historia de 4 estudiantes que son el grupo B del electivo de m√∫sica del colegio‚Ä¶ No se conocen y son muy distintos entre s√≠.
¬øQu√© pasa cuando se tiene la presi√≥n de una tarea con nota?
La Sofi, el Balo, el Bicho y la Pato, dan vida (y m√∫sica) a Nota 7.",
19:00 ‚Äì 19:30,"Obra Familiar ""El Lazarillo de Tormes""",,,,,,
19:30 ‚Äì 20:00,‚Äî,,,,,,
20:00 ‚Äì 20:30,Obra 6// RE-CUERDO,"$1,200,000",3,,AMAPOLA ARAYA,"un viaje ‚Äúatemporal‚Äù por la vida de una Gabriela Mistral aveturera, a trav√©s de sus propios versos interpretados en diversos lenguajes, tales como, teatro, danza, poes√≠a y sonoridades.",45 MINUTOS
20:30 ‚Äì 21:00,"""Re-cuerdo, una hisotria sobre la vejez"" de La Feroz compa√±√≠a de Treatro y Circo",,,,,,
21:00 ‚Äì 21:30,,,,,,,
21:30 ‚Äì 22:00,,,,,,,
22:00 ‚Äì 23:00,,,,,,,
,,"$7,876,316",45,,,,
,,"$7,800,000",,,,,
,DIFERENCIA ,"-$76,316",,,,,