***,Escenario B (Circo/Danza),,,,,RESE√ëA,DURACI√ìN ,ELENCO
15:00 ‚Äì 15:30,‚Äî,,,,,,,
15:30 ‚Äì 16:00,Funci√≥n 1 // BALLET FOLKL√ìRICO LA SERENA FIESTAS DE CHILE,,,,,"‚ÄúFiestas de Chile‚Äù es una obra del Ballet Folcl√≥rico de La Serena en la cual se plasman expresiones culturales de distintos territorios del pa√≠s, mostrando a la audiencia un Chile vivo que celebra mediante la danza, los acontecimientos m√°s importantes de su vida comunitaria. La muestra deambula desde los carnavales del norte grande hasta las tradicionales mingas en el archipi√©lago Chilo√©, pasando por Bohemia del puerto de Valpara√≠so y las trilla de los sectores campesinos.",50 minutos,
16:00 ‚Äì 16:30,Fiestas de Chile,,,,,,,
16:30 ‚Äì 17:00,‚Äî,,,,,,,
17:00 ‚Äì 17:30,Funci√≥n 2//  LOLLAPAYASAS ,"$1,200,000",5,,NOCHE DE PAYASAS,"Noche de payasas, presenta ""Lollapayasa"" El primer concierto musical de payasas de Chile, una mezcla de teatro, comedia, danza y por supuesto m√∫sica, con canciones de autor√≠a propia. 5 payasas multidisciplinarias vienen a deslumbrar con su talento musical y entregar una experiencia llena de risas y colores. El p√∫blico viajar√° por diferentes estilos musicales y disfrutar√° de canciones grupales, teatro y comedia.",60 minutos,
17:30 ‚Äì 18:00,"Lollapayasa, un concierto de payasas",,,,,,,
18:00 ‚Äì 18:30,‚Äî,,,,,,,
18:30 ‚Äì 19:00,Funci√≥n 3// ZOOL√ìGICAS  (DANZA),"$1,200,000",7,,COLECTIVO ZONA DE OBRAS ,"ZOOL√ìGICAS es una respuesta, ¬øcu√°l es la pregunta?. Lo que preguntamos tanto al potencial creativo como a la fuerza coercitiva de una exposici√≥n como Zool√≥gico es: ¬øqu√© se nos permite decir, qu√© se nos fuerza a decir, qu√© se nos impide decir? Queremos responder presencialmente a :¬øHay lugar para la articulaci√≥n y di√°logo entre artistas esc√©nicos que quieren exponerse compartiendo sus obras en un mismo lugar extenso y en un tiempo paralelo? Y este mismo di√°logo puede extenderse hacia los espectadores, con ellos? Queremos hacer posible estas manifestaciones al interior de, en sinton√≠a con, contra o a pesar de una forma contempor√°nea de poder social? La obra ‚ÄúZOOL√ìGICAS‚Äù, ofrece un minucioso ensamblaje heterog√©neo de discursos,formas, lenguajes, decisiones, afirmaciones, negaciones, etc. Es una estructura que busca responder a una necesidad urgente de encuentro en un momento hist√≥rico que vivimos. ZOOLOGICAS  se construye como estrategia de encuentro para  sostenernos y alimentarnos como artistas esc√©nicos. Queremos preguntar sobre la necesidad que nuestra civilizaci√≥n tiene de una articulaci√≥n de est√©tica y pensamiento: sobre la necesidad de una creatividad cognitiva, en el tipo particular de sociedades que habitamos hoy.",50 minutos,
19:00 ‚Äì 19:30,ZOOLOGICAS (para Espacio Esc√©nico Danza y Circo),,,,,,,
19:30 ‚Äì 20:00,‚Äî,,,,,,,
20:00 ‚Äì 20:30,Funci√≥n 4//CALLE  (CIRCO),"$1,200,000",9,,CIRCO KALENDERO ,"""Calle"" es una obra dram√°tica de circo contempor√°neo dirigida por Sebasti√°n A. C. e inspirada en relatos reales de abandono, vulnerabilidad y violencia psicol√≥gica y f√≠sica que podemos ver d√≠a a d√≠a en nuestras poblaciones.
Los personajes abordan las diferentes tem√°ticas mediante el lenguaje del gesto, f√≠sico y expresivo, apoyado principalmente de coreograf√≠as grupales, las cuales llevar√°n al p√∫blico a sumergirse en la realidad de cada personaje.
El teatro f√≠sico, ritmos urbanos y las t√©cnicas del circo contempor√°neo son las herramientas fundamentales de esta obra, logrando conectar y empatizar al p√∫blico con la historia de cada uno de nuestros personajes.
Calle utiliza 5 aparatos esceno-t√©cnicos en forma de poliedro para transformar el espacio esc√©nico en distintas estructuras en las que se ejecutan disciplinas circenses con un sinf√≠n de posibilidades.
Los int√©rpretes demuestran sus destrezas acrob√°ticas con peripecias y equilibrios sobre los poliedros, completando la dramaturgia espacial con el ensamble perfecto entre artista y aparato esc√©nico.",55 MINUTOS,
20:30 ‚Äì 21:00,"Calle, Circo Urbanog",,,,,,,
21:00 ‚Äì 21:30,‚Äî,,,,,,,
21:30 ‚Äì 22:00,LATIDOS DE FUEGO (INTERVENCION)Latidos de Fuego,"$500,000",3,,VENDAVAL COMPA√ë√çA,debemos preguntar si pueden hacer intervenciones mas que la obra en si ,,
22:00 ‚Äì 23:00,‚Äî,,,,,,,
,,,,,,,,
,,,,,,,,
,,,,,,,,
,,,,,,,,
,,,,,,,,
,,,,,,,,
üïí Horario,Escenario B (Circo/Danza),,,,,,,
15:00 ‚Äì 15:30,‚Äî,,,,,,,
15:30 ‚Äì 16:00,Funci√≥n 5 // CIRCO MINERO ,$0,,,,,,
16:00 ‚Äì 16:30,,,,,,,,
16:30 ‚Äì 17:00,‚Äî,,,,,,,
17:00 ‚Äì 17:30,Funci√≥n 6 // EN BUSQUEDA DEL ARRECIFE ARCOIRIS (DANZA),"$1,200,000",13,,NO SALE NOMBRE DE LA COMPA√ë√çA ,"Sum√©rgete en un viaje fascinante que comienza con datos sorprendentes sobre la biolog√≠a de las medusas, su incre√≠ble capacidad de auto regeneraci√≥n y sus secretos m√°s asombrosos. Todo explicado de forma interactiva, con voz creada por inteligencia artificial e im√°genes impactantes que despiertan la curiosidad de grandes y peque√±os. Un audiocuento de dos medusas amigas con caracter√≠sticas neurodivergentes que emprenden una aventura inolvidable en busca del Gran Arrecife Arco√≠ris. En su recorrido conocer√°n a un pez globo t√≠mido que sufre bullying y a un solitario tibur√≥n, rey del fondo marino, descubriendo juntos el valor de la amistad, la empat√≠a y la diversidad. 10 talentosos bailarines dan vida a esta historia con una puesta en escena que fusiona l√≠rica, jazz, danza moderna y contempor√°nea, acompa√±ada por los m√°gicos cantos de las ballenas, creando un espect√°culo inmersivo que emocionar√° a toda la familia, especialmente a los m√°s peque√±os.",45 MINUTOS,
17:30 ‚Äì 18:00,En b√∫squeda del arrecife arco√≠ris,,,,,,,
18:00 ‚Äì 18:30,‚Äî,,,,,,,
18:30 ‚Äì 19:00,Funci√≥n 7 //SUENA FLAMENCO (DANZA),"$1,200,000",9,,AGRUPACI√ìN ART√çSTICO CULTURAL FLAMENCO ELQUI ,"El espect√°culo de Flamenco re√∫ne a profesionales de este arte en un recorrido a trav√©s de distintos ritmos y formas dibujando en escena cuadros en que los bailaores, guitarristas, cantaores y percusionistas dialogan y crean un mundo cautivante lleno de fuerza, celebraci√≥n y vida, donde este estilo de danza puede verse en su expresi√≥n m√°s aut√©ntica y cercana. Estos eventos son una oportunidad para presenciar un espect√°culo que combina la t√©cnica, el sentimiento y la autenticidad del flamenco, brindando al p√∫blico la posibilidad de experimentar este arte en su m√°xima expresi√≥n.",60 MINUTOS,
19:00 ‚Äì 19:30,Suena Flamenco,,,,,,,
19:30 ‚Äì 20:00,‚Äî,,,,,,,
20:00 ‚Äì 20:30,Funci√≥n 8 // SIN PIES NI CABEZA (CIRCO),"$400,000",3,,VENDAVAL COMPA√ë√çA ,"‚ÄúSin pies ni cabeza‚Äù es una historia irreverente de dos personajes c√≥micos que transitan una fantas√≠a de ilusiones y m√°gicos momentos, a trav√©s de pr√°cticas circenses y teatrales.
Son h√©roes torpes y despistados, que buscan inspirar a las infancias a ser m√°s activas y a llevar un estilo de vida saludable.",50 MINUTOS,
20:30 ‚Äì 21:00,"""Sin Pies Ni Cabeza""-Espect√°culo de circo contempor√°neog",,,,,,,
21:00 ‚Äì 21:30,,,,,,,,
21:30 ‚Äì 22:00,,,,,,,,
22:00 ‚Äì 23:00,,,,,,,,
,,,,,,,,
,TOTAL,"$6,900,000",49,,,,,
,CONTEMPLADO ,"$7,800,000",,,,,,
,DIFERENCIA ,"$900,000",,,,,,