 ,,,,,,,,,,,,,,,,,,,
,,,,,,,,,,,,,,,,,,,
***,Escenario A (Teatro),Escenario B (Circo/Danza),Escenario C (M√∫sica),Escenario D (T√≠teres),Escenario E (Espacio Literatura) ok,Escenario F (Talleres),Escenario H (Espacio IMREC),Escenario I (Espacio Cecrea),Instalaciones,,,,,,,,,,
15:00 ‚Äì 15:30,‚Äî,‚Äî,ENSAMBLE POPULAR EXPERIMENTAL ENSAMBLE POPULAR,Funci√≥n 1//CUENTA CUENTOS// CUENTOS AL ANDAR CuentaCuentos: Cuentos Al Andar ok,"Presentaci√≥n del libro ‚ÄúApuntes de tres siglos. Liceo de Ni√±as Gabriela Mistral de La Serena‚Äù de Orieta Collao Mierzejerosky y Gabriel Canihuante Maureira, Nueva Mirada Ediciones.
Presenta Lorena Arenas L√≥pez
",,,,Instalaciones,,,,,,,,,,
15:30 ‚Äì 16:00,GASPAR SEMILLA   ok,Funci√≥n 1 // BALLET FOLKL√ìRICO LA SERENA,‚Äî,FOTOS BAJA CALIDAD,,Talleres 1 // DISE√ëA TU PROPIO AZULEJO CER√ÅMICO  Talleres_Disena tu propio azulejo cer√°mico,Actividad 1,TALLER TUNACOLA,C√ÅMARA OSCURA INMERSIVA Intervenciones Art√≠sticas con¬†Talleres_C√°mara Oscura Inmersiva ok,,,,TEATRO,MONTAJE,DESMONTAJE ,DURACION OBRA ,MONTO ,,
16:00 ‚Äì 16:30,Obra de teatro familiar: Gaspar Semilla,Fiestas de Chile,‚Äî,,"Presentaci√≥n Literaria Solido Comix N.¬∫ 20, Solid Ediciones
Presenta Marcelo Tapia
",,,,"FONDO MARINO, INSTALACI√ìN TEXTIL Intervenciones Art√≠sticas con¬†Talleres_FONDO MARINO, INSTALACI√ìN TEXTIL ok",,,,ZUMBIDO DE ALARMA ,???,????,45,"$950,000",TEATRO,
16:30 ‚Äì 17:00,‚Äî,‚Äî,MARINEROS ,Funci√≥n 2// HISTORIA DE LA BATERIA PARA NI√ëOS Historia de la bateria para ni√±os  ok,,,,,,,,,DESCARRILADOS ,5 HORAS ,1 HORA ,105,"$1,200,000",TEATRO,
17:00 ‚Äì 17:30,ZUMBIDO DE ALARMA (45M) ok,Funci√≥n 2//  LOLLAPAYASAS ok,‚Äî,,"Presentaci√≥n del libro ‚ÄúExtrapicante y otros relatos perversos‚Äù de Claudio R√≠os Espinoza, Editorial Cabur√©.
Sech. Sociedad de Escritores de Chile
Presenta Viviana Larrondo.",,Actividad 3,ESPACIO DE BIENESTAR,,,,,LUCILA DEL VALLE ,,,,"$1,200,000",TEATRO,
17:30 ‚Äì 18:00,Obra de Teatro Zumbido de Alarma,"Lollapayasa, un concierto de payasas",‚Äî,‚Äî,"Presentaci√≥n del Libro ‚ÄúRecetario de recuerdos‚Äù de Anni Garrido Rodr√≠guez, Marciano Ediciones.
Sech. Sociedad de Escritores de Chile
Presenta Clo Dom√≠nguez
",Talleres 2 // Taller de Alfarer√≠a  Talleres_Taller de Alfarer√≠a,,,,,,,RECUERDO,3 HRS,1:30 HORA ,50,"$1,200,000",TEATRO,
18:00 ‚Äì 18:30, ,‚Äî,VALLE DE COPAOS Valle de Copaos ok,Funci√≥n 3,"Presentaci√≥n del libro ‚ÄúOllie‚Äù de Francisca Torrealba y Bel√©n Varas, Marsalado Ediciones
Presenta Patricia Vega
",,,,,,,,LAZARILLO DE TORMES,??,???,45,"$1,000,000",TEATRO,CHOAPA
18:30 ‚Äì 19:00,EL LAZARILLO DE TORMES ok,ZOOL√ìGICAS ok,‚Äî,‚Äî,,,Actividad 4,Actividad 3,,,,,NOTA 7 MUSICAL ,???,????,????,"$1,000,000",TEATRO,LIMAR√ç
19:00 ‚Äì 19:30,"Obra Familiar ""El Lazarillo de Tormes""",Suena Flamenco,‚Äî,,"Presentaci√≥n del Libro ‚ÄúLecturas Aberrantes y Hermen√©utica Esquizo‚Äù de Cristian Geisse. Bordelibre Ediciones
Presenta Paula Ceballos Huerta
",,,,,,,,EN BUSQUEDA DEL ARRECIFE ARCOIRIS ,????,????,????,"$1,200,000",DANZA ,
19:30 ‚Äì 20:00,‚Äî,‚Äî, TUNA COLA ,Funci√≥n 4,,Charlas 3//CHARLA CORTOMETRAJE MEMORIAS DE UN DESCONOCIDOCharlas_CHARLA CORTOMETRAJE MEMORIAS DE UN DESCONOCIDO ,,,,,,,MICO,2HORA ,1 HORA ,40 MINUTOS ,"$500,000",TEATRO,
20:00 ‚Äì 20:30,"""RE-CUERDO, una hisotria sobre la vejez"" de La Feroz compa√±√≠a de Treatro y Circo (PEND)",SIN PIES NI CABEZAS ok,‚Äî,-,"Presentaci√≥n del Libro ‚ÄúCuatro Arcos y un Puzle. Un m√©todo cooperativo para el aprendizaje  de t√©cnicas de arco en el cuarteto de cuerdas‚Äù de Monserrat Trujillo ‚Äì Pe√±a y Leonardo Godoy Sep√∫lveda , Casa Editorial Universidad de La Serena
Presenta Mich√®le Rouliez
  ",,Actividad 4,Actividad 4,,,,,LOLAPAYASAS ,30,30,,1200000,,
20:30 ‚Äì 21:00,"""Re-cuerdo, una hisotria sobre la vejez"" de La Feroz compa√±√≠a de Treatro y Circo","""Sin Pies Ni Cabeza""-Espect√°culo de circo contempor√°neo",‚Äî,‚Äî,,,Actividad 6,,,,,,,,,,,,
21:00 ‚Äì 21:30,‚Äî,‚Äî,EXCENTRICAPIOLA Excentricapiola ok,‚Äî,,,,,FOTOS OK,,,,,,,,,,
21:30 ‚Äì 22:00,,LATIDOS DE FUEGO (INTERVENCION)Latidos de Fuego ok,LILIA LILLIA ok,‚Äî,,,,,38,,,,ZOOLOGICAS ,???,????,50 MINUTOS ,"$1,200,000",DANZA,
22:00 ‚Äì 23:00,‚Äî,‚Äî,FOTHER MOCKERS ,‚Äî,,,,,,,,,CALLE CIRCO URBANO,1 HORA ,1 HORA ,????,"$1,200,000",CIRCO,
,,,,,,,,,,,,,SIN PIES NI CABEZA,1 HORA,1 HORA ,50 MINUTOS ,"$400,000",CIRCO,
,FOTOS OK,FOTOS OK,,,,,,,,,,,FLAMENCO ,???,????,60 MINUTOS ,"$1,200,000",DANZA,
,,,,,,, ,,,,,,LATIDOS DE FUEGO ,1 HORA ,1 HORA ,45 MINUTOS ,"$500,000",CIRCO,
,,,,,,,,,,,,,,,,,,,
,,,,,,,,,,,,,,,,,,,
,,,,,,,,,,,,,,,,,,,
üïí Horario,Escenario A (Teatro),Escenario B (Circo/Danza),Escenario C (M√∫sica),Escenario D (T√≠teres),Escenario E (Espacio Literatura) ok,Escenario F (Talleres),Escenario H (Espacio IMREC),Escenario I (Espacio Cecrea),Instalaciones,,,,A√ëA√ëUCAS: LOS COLORES DEL SEMI√ÅRIDO,TIENEN TALLER PERO NO SALE DURACI√ìN ,,,"$1,200,000",INTERVENCIONES ,
15:00 ‚Äì 15:30,‚Äî,‚Äî,PURREIRA,func√≥n 5 // Mico que dicen los √°rbolesMico ¬øQu√© dicen los √°rboles? ok,"Performance Tenebrescencia.
En m√∫sica cordillera de la costa y P√≠a Ahumada en la lectura
Lectura ‚Äì Performance ‚Äì M√∫sica en Vivo
Taller Editorial Me Pego un Tiro
",,,,Instalaciones,,,,C√ÅMARA OSCURA INMERSIVA ,,,,"$1,197,200",,
15:30 ‚Äì 16:00,OBRA 1// MESTIZA NAVEGANTE ok,Funci√≥n 5 // CIRCO MINERO CIRCO MINERO,‚Äî,,,Talleres 3 // Taller de Alfarer√≠a Sonora: ‚ÄúConstrucci√≥n de aer√≥fonos de la Cultura Diaguita‚Äù  Talleres_aller de Alfarer√≠a Sonora: ‚ÄúConstrucci√≥n de aer√≥fonos  de la Cultura Diaguita‚Äù.,Actividad 5,TALLER ASTRONAUTIKO,C√ÅMARA OSCURA INMERSIVA Intervenciones Art√≠sticas con¬†Talleres_C√°mara Oscura Inmersiva ok,,,,FONDO MARINO ,TIENE TALLER DE 3 HRS DESDE LAS 16:00,,,"$1,200,000",,
16:00 ‚Äì 16:30,"""Mestiza Navegante"" en Festival ARC, a 80 a√±os del Premio Nobel de Literatura de Gabriela Mistral",,‚Äî,,"Presentaci√≥n del libro ‚ÄúAves Migratorias en la regi√≥n de Coquimbo‚Äù de Basti√°n Tello Campusano y Camila Guam√°n, La Guillotina Editorial",,,,,,,,,,,,,,
16:30 ‚Äì 17:00,‚Äî,‚Äî,ARTISTA REGIONAL 5 (CHOAPA) CURI ROSALES Curi Rosales ok,,,,,,,,,,,,,,,,
17:00 ‚Äì 17:30,NOTA 7 TEATRO MUSICAL ok,Funci√≥n 6 // EN BUSQUEDA EL ARRECIFE ARCOIRIS (DANZA) ok,‚Äî,,"Presentaci√≥n Literaria Conversas en RED ‚ÄúGabriela Mistral y su v√≠nculo con mujeres de su generaci√≥n: Alfonsina Storni y Juana de Am√©rica‚Äù Carol Jim√©nez y Paula Ceballos, Red Feminista del Libro",,Actividad 6,Actividad 6,A√ëA√ëUCAS LOS COLORES DEL SEMI√ÅRIDO Intervenciones Art√≠sticas con¬†Talleres_A√±a√±ucas: Los colores del semi√°rido ok,,,,,,,,,,
17:30 ‚Äì 18:00,"""Nota 7"" Teatro- musical",En b√∫squeda del arrecife arco√≠ris,‚Äî,‚Äî,,"Talleres 8// BESTIARIO DEL PARQUE PEDRO DE VALDIVIA: DE LA BIODEVERSIDAD A LA BIOFANTAS√çA Talleres_""Bestiario del Parque Pedro de Valdivia: De la Biodiversidad a la Biofantas√≠a""",,,TALLER:COLORES DEL SEMI√ÅRIDO (PARTE DE INTERVENCI√ìN) ok,,,,,,,,,,
18:00 ‚Äì 18:30,‚Äî,‚Äî,ASTRONAUTIKO,Funci√≥n 7// MARINA  Y SU INOVIDABLE VIAJE BAJO AL MARMarina y su inolvidable viaje bajo el mar  ok,"Presentaci√≥n del libro ‚ÄúEl Diario de Kurni‚Äù de Carmen Clavijo, Yatiediciones
Presenta: Mar√≠a Laura Donoso
",,,,,,,,,,,,,,
18:30 ‚Äì 19:00,,SUENA FLAMENCO ok,‚Äî,‚Äî,,,Actividad 7,Actividad 7,,,,,,,,,,,
19:00 ‚Äì 19:30,DESCARRILADOS  Descarrilados ok,Suena Flamenco,‚Äî,,"Presentaci√≥n Literaria ‚ÄúExperiencia de fomento lector y apreciaci√≥n literaria en sistemas carcelarios‚Äù participan Marcela Reyes Harris y Vania Lamas  Barraza, Ediciones Albricias",,,,,,,,,,,,,,
19:30 ‚Äì 20:00,‚Äî,‚Äî,CHINI PNG ,,,CHARLA: ‚ÄúFUTURO COMICS: CREANDO UNA REVISTA DE C√ìMICS DESDE CERO‚Äù Charlas_CHARLA: ‚ÄúFUTURO COMICS: CREANDO UNA REVISTA DE C√ìMICS DESDE CERO‚Äù,,,,,,,,,,,,,
20:00 ‚Äì 20:30,LUCILA DEL VALLE Lucila del Valle ok,CALLE ok,‚Äî,,"Presentaci√≥n Libro Grandes Coquimbanos, Felipe Fern√°ndez, Librer√≠a de Libros. ",‚ÄúFUTURO COMICS: CREANDO UNA REVISTA DE C√ìMICS DESDE CERO‚Äù Charlas_CHARLA: ‚ÄúFUTURO COMICS: CREANDO UNA REVISTA DE C√ìMICS DESDE CERO‚Äù Charlas_CHARLA: ‚ÄúFUTURO COMICS: CREANDO UNA REVISTA DE C√ìMICS DESDE CERO‚Äù,Actividad 8,Actividad 8,,,,,,,,,,,
20:30 ‚Äì 21:00,,"Calle, Circo Urbano",‚Äî,‚Äî,,,Actividad 6,,,,,,,,,,,,
21:00 ‚Äì 21:30,,,ARTISTA LOCAL (JAZZ) LOBITOS Los Lobitos ok,,,,,,,,,,,,,,,,
21:30 ‚Äì 22:00,,,ARTISTA LOCAL FUNK MACHINE Fonk Machine ok,,,,,,,,,,,,,,,,
22:00 ‚Äì 23:00,,,LOS TETAS ,,,,,,,,,,,,,,,,
,,,,,,,,,,,,,,,,,,,
,‚Äî,,,,,,,,,,,,,,,,,,
,FOTOS OK,,,,,FOTOS OK,,,,,,,,,,,,,
,,,,,,,,,,,,,,,,,,,
INVITADOS,,,,,,,,,,,,,,,,,,,
,,,,,,,,,,,,,,,,,,,
TUNACOLA,3.5,PAGA CECREA,,,,,,,,,,,,,,,,,
ASTRONAUTIKO,"1,5 (mas impuesto)",PAGA CECREA,,,,,,,,,,,,,,,,,
PURREIRA,"$935,673",,30 dias,,,,,,,,,,,,,,,,
MARINEROS,"$2,100,000","$2,499,000",,,,,,,,,,,,,,,,,
CHINI PNG,"$1,300,000","$1,547,000",,,,,,,,,,,,,,,,,
,,,,,,,,,,,,,,,,,,,
,,,,,,,,,,,,,,,,,,,
,,,,,,,,,,,,,,,,,,,
PROGRAMACI√ìN,,,,,,,,,,,,,,,,,,,
,,,,,,,,,,,,,,,,,,,
,CANTIDAD,MONTO BRUTO,TOTALES,,,,,,,,,,,,,,,,
TEATRO,,,,,,,,,,,,,,,,,,,
ELQUI,6,,"$5,876,316",,,,,,,,,,,,,,,,
LIMARI,1,"$1,000,000","$1,000,000",,,,,,,,,,,,,,,,
CHOAPA,1,"$1,000,000","$1,000,000",,,,,,,,,,,,,,,,
,,,,,"",,,,,,,,,,,,,,
,,,"$7,876,316",,,,,,,,,,,,,,,,
,,,,,,,,,,,,,,,,,,,
DANZA/CIRCO,,,,,,,,,,,,,,,,,,,
ELQUI,4,,"$6,900,000",,,,,,,,,,,,,,,,
LIMARI,1,$0,$0,,,,,,,,,,,,,,,,
CHOAPA,1,$0,$0,,,,,,,,,,,,,,,,
,,,,,,,,,,,,,,,,,,,
,,,"$6,900,000",,,,,,,,,,,,,,,,
,,,,,,,,,,,,,,,,,,,
M√öSICA,,,,,,,,,,,,,,,,,,,
PURREIRA,1,"$900,000","$935,673",,,,,,,,,,,,,,,,
MARINEROS,1,"$2,499,000","$2,499,000",,,,,,,,,,,,,,,,
CHINI.PNG,1,"$1,547,000","$1,547,000",,,,,,,,,,,,,,,,
LOS TETAS,1,,"$8,330,000","700000+IVA +13 PER (ALOJM, TRASLADO ALIMENTACION ",,,,,,,,,,,,,,,
FOTHER MUCKERS,1,"$7,000,000","$7,000,000",exento,,,,,,,,,,,,,,,
ARTISTAS LOCALES ELQUI,3,$0,"$2,080,000",,,,,,,,,,,,,,,,
ARTISTA LOCALES LIMARI,1,"$800,000","$800,000",,,,,,,,,,,,,,,,
ARTISTAS LOCALES CHOAPA,1,"$900,000","$500,000",,,,,,,,,,,,,,,,
,,,,,,,,,,,,,,,,,,,
,,,"$23,691,673",,,,,,,,,,,,,,,,
,,,,,,,,,,,,,,,,,,,
TITERES,,,,,,,,,,,,,,,,,,,
ARTISTAS LOCALES,4,,"$1,400,000",,,,,,,,,,,,,,,,
,,,,,,,,,,,,,,,,,,,
LITERATURA ,,,,,,,,,,,,,,,,,,,
PAGA LIBRO,,,,,,,,,,,,,,,,,,,
,,,,,,,,,,,,,,,,,,,
TALLERES,,,,,,,,,,,,,,,,,,,
TALLERES,4,,"$1,151,269",,,,,,,,,,,,,,,,
,,,,,,,,,,,,,,,,,,,
Charlas,,,,,,,,,,,,,,,,,,,
CHARLAS ,2,"$150,000","$300,000",,,,,,,,,,,,,,,,
2 DE LA ULS POR DIA,4,,,,,,,,,,,,,,,,,,
ESPACIO IMREC,,,,,,,,,,,,,,,,,,,
DISPONIBLE,,,"$3,000,000",,,,,,,,,,,,,,,,
,,,,,,,,,,,,,,,,,,,
ESPACIO CECREA,,,,,,,,,,,,,,,,,,,
PAGA CECREA,,,,,,2,,,,,,,,,,,,,
,,,,,,50,,,,,,,,,,,,,
INTERVENCIONES,,,,,,30,,,,,,,,,,,,,
INTERNCIONES,3,"$1,200,000","$3,600,000",,,10,,,,,,,,,,,,,
,,,,,,60,,,,,,,,,,,,,
,,,"$139,100,000",,,500,,,,,,,,,,,,,
TOTAL PROGRAMACI√ìN,,,"$47,919,258",,,,ALTO,MTS2,,,,,,,,,,,
STREAMING,,,"$4,000,000",COT OK,,12,6,"149,04",,,,,,,,,,,
GR√ÅFICA,,,"$3,500,000",,,1,4,"30,84",,,,,,,,,,,
COMUNICACIONES,,,"$3,000,000",,,,,,,,,,,,,,,,
EQUIPO,,,"$15,000,000",,,,,,,,,,,,,,,,
,,,,,,,,,,,,,,,,,,,
TECNICA,,,"$65,680,742",,,,,,,,,,,,,,,,
,,CONTRATACI√ìN,,,,,,,,,,,,,,,,,
,,T√âCNICA PROYECTADA,"$65,680,742",,,,,,,,,,,,,,,,
,,PROGRAMACI√ìN,"$47,919,258",,,,,,,,,,,,,,,,
,,TOTAL LICITACI√ìN,"$113,600,000",,,,COT ,"$2,370,000","$2,820,300",#REF!,,,,,,,,,
,,,,,,,,,,,,,,,,,,,
LO PROYECTADO,,,,,,,,,,,,,,,,,,,
,,,,,,COMPRAR ,,,,,,,,,,,,,
PAGO DE LA PROGRAMACI√ìN,"$47,919,258",,,,,,,,,,,,,,,,,,
T√âCNICA,"$65,680,742",,,,,,,,,,,,,,,,,,
TODOS LOS ESCENARIO,,,,,240 m2 de mesh con ojetillos perimetrales con instalaci√≥n,"$2,160,000",,,,,,,,,,,,,
LUCES / AUDIO / GENERADORES,,,,,160 m2 de mesh,"$1,440,000",,,,,,,,,,,,,
GUARDIAS,,,,,TOTAL,"$3,600,000",,,,,,,,,,,,,
BA√ëOS,,,,,,,,,,,,,,,,,,,
CAMARINES,,,,,,COMPRAR ,,,,,,,,,,,,,
CATERING,,,,,,,,,,,,,,,,,,,